claim_line_id,payer,allowed_amount,member_token
CLM-20250802-000,UHC,545.77,M-20422
CLM-20250802-001,BCBS,328.17,M-73883
CLM-20250802-002,UHC,1499.82,M-19457
CLM-20250802-003,BCBS,1233.08,M-86653
CLM-20250802-004,UHC,1962.2,M-48245
CLM-20250802-005,BCBS,821.12,M-13600
CLM-20250802-006,UHC,992.08,M-55612
CLM-20250802-007,UHC,1462.38,M-87326
CLM-20250802-008,BCBS,241.97,M-16216
CLM-20250802-009,UHC,1334.06,M-69814
CLM-20250802-010,UHC,1424.96,M-23100
CLM-20250802-011,AETNA,272.72,M-90708
CLM-20250802-012,UHC,65.07,M-60111
CLM-20250802-013,BCBS,843.31,M-43598
CLM-20250802-014,AETNA,1059.45,M-97173
CLM-20250802-015,BCBS,780.02,M-63499
CLM-20250802-016,UHC,450.85,M-41534
CLM-20250802-017,BCBS,1988.05,M-53044
CLM-20250802-018,UHC,1504.02,M-61637
CLM-20250802-019,AETNA,1948.25,M-50945
CLM-20250802-020,AETNA,830.55,M-21706
CLM-20250802-021,BCBS,1291.44,M-28744
CLM-20250802-022,UHC,669.06,M-19829
CLM-20250802-023,BCBS,309.81,M-50398
CLM-20250802-024,UHC,918.48,M-39425
CLM-20250802-025,BCBS,1970.22,M-44425
CLM-20250802-026,UHC,124.81,M-63228
CLM-20250802-027,BCBS,632.08,M-22593
CLM-20250802-028,AETNA,1458.77,M-31831
CLM-20250802-029,UHC,1499.79,M-40753
CLM-20250802-030,BCBS,180.53,M-81837
CLM-20250802-031,AETNA,850.39,M-42868
CLM-20250802-032,BCBS,580.57,M-87573
CLM-20250802-033,UHC,743.19,M-65699
CLM-20250802-034,BCBS,1469.94,M-51301
CLM-20250802-035,BCBS,472.66,M-67492
CLM-20250802-036,UHC,933.26,M-72827
CLM-20250802-037,AETNA,289.97,M-36064
CLM-20250802-038,AETNA,381.04,M-38624
CLM-20250802-039,BCBS,1392.87,M-27340
