claim_line_id,paid_amount,remit_id
CLM-20250801-000,1341.29,RMT-CLM-20250801-000
CLM-20250801-002,718.2,RMT-CLM-20250801-002
CLM-20250801-003,1400.42,RMT-CLM-20250801-003
CLM-20250801-004,942.81,RMT-CLM-20250801-004
CLM-20250801-006,383.36,RMT-CLM-20250801-006
CLM-20250801-007,54.63,RMT-CLM-20250801-007
CLM-20250801-008,463.23,RMT-CLM-20250801-008
CLM-20250801-009,325.21,RMT-CLM-20250801-009
CLM-20250801-010,1304.45,RMT-CLM-20250801-010
CLM-20250801-011,1197.33,RMT-CLM-20250801-011
CLM-20250801-012,514.93,RMT-CLM-20250801-012
CLM-20250801-013,160.69,RMT-CLM-20250801-013
CLM-20250801-014,730.41,RMT-CLM-20250801-014
CLM-20250801-015,140.53,RMT-CLM-20250801-015
CLM-20250801-016,608.4,RMT-CLM-20250801-016
CLM-20250801-018,865.1,RMT-CLM-20250801-018
CLM-20250801-019,902.58,RMT-CLM-20250801-019
CLM-20250801-020,407.33,RMT-CLM-20250801-020
CLM-20250801-021,58.03,RMT-CLM-20250801-021
CLM-20250801-022,360.1,RMT-CLM-20250801-022
CLM-20250801-023,783.9,RMT-CLM-20250801-023
CLM-20250801-024,89.47,RMT-CLM-20250801-024
CLM-20250801-025,1706.85,RMT-CLM-20250801-025
CLM-20250801-026,520.63,RMT-CLM-20250801-026
CLM-20250801-027,1567.89,RMT-CLM-20250801-027
CLM-20250801-028,84.13,RMT-CLM-20250801-028
CLM-20250801-029,1296.19,RMT-CLM-20250801-029
CLM-20250801-032,183.19,RMT-CLM-20250801-032
CLM-20250801-033,924.43,RMT-CLM-20250801-033
CLM-20250801-034,1045.76,RMT-CLM-20250801-034
CLM-20250801-035,1785.5,RMT-CLM-20250801-035
CLM-20250801-036,1009.95,RMT-CLM-20250801-036
CLM-20250801-037,226.15,RMT-CLM-20250801-037
CLM-20250801-039,1289.72,RMT-CLM-20250801-039
